<?xml version="1.0" encoding="UTF-8"?>
<GenRun Id="impl_1" LaunchPart="xc7a100tcsg324-1" LaunchTime="1703238229">
  <File Type="ROUTE-PWR" Name="screen_pic_Top_power_routed.rpt"/>
  <File Type="PA-TCL" Name="screen_pic_Top.tcl"/>
  <File Type="ROUTE-PWR-SUM" Name="screen_pic_Top_power_summary_routed.pb"/>
  <File Type="REPORTS-TCL" Name="screen_pic_Top_reports.tcl"/>
  <File Type="OPT-RQA-PB" Name="screen_pic_Top_rqa_opted.pb"/>
  <File Type="BITSTR-MMI" Name="screen_pic_Top.mmi"/>
  <File Type="OPT-METHODOLOGY-DRC" Name="screen_pic_Top_methodology_drc_opted.rpt"/>
  <File Type="INIT-TIMING" Name="screen_pic_Top_timing_summary_init.rpt"/>
  <File Type="OPT-TIMING" Name="screen_pic_Top_timing_summary_opted.rpt"/>
  <File Type="OPT-DCP" Name="screen_pic_Top_opt.dcp"/>
  <File Type="OPT-DRC" Name="screen_pic_Top_drc_opted.rpt"/>
  <File Type="OPT-HWDEF" Name="screen_pic_Top.hwdef"/>
  <File Type="PWROPT-DCP" Name="screen_pic_Top_pwropt.dcp"/>
  <File Type="PWROPT-DRC" Name="screen_pic_Top_drc_pwropted.rpt"/>
  <File Type="PWROPT-TIMING" Name="screen_pic_Top_timing_summary_pwropted.rpt"/>
  <File Type="PLACE-DCP" Name="screen_pic_Top_placed.dcp"/>
  <File Type="PLACE-IO" Name="screen_pic_Top_io_placed.rpt"/>
  <File Type="PLACE-CLK" Name="screen_pic_Top_clock_utilization_placed.rpt"/>
  <File Type="PLACE-UTIL" Name="screen_pic_Top_utilization_placed.rpt"/>
  <File Type="PLACE-UTIL-PB" Name="screen_pic_Top_utilization_placed.pb"/>
  <File Type="PLACE-CTRL" Name="screen_pic_Top_control_sets_placed.rpt"/>
  <File Type="PLACE-SIMILARITY" Name="screen_pic_Top_incremental_reuse_placed.rpt"/>
  <File Type="PLACE-PRE-SIMILARITY" Name="screen_pic_Top_incremental_reuse_pre_placed.rpt"/>
  <File Type="BG-BIN" Name="screen_pic_Top.bin"/>
  <File Type="PLACE-TIMING" Name="screen_pic_Top_timing_summary_placed.rpt"/>
  <File Type="ROUTE-PWR-RPX" Name="screen_pic_Top_power_routed.rpx"/>
  <File Type="PLACE-RQA-PB" Name="screen_pic_Top_rqa_placed.pb"/>
  <File Type="POSTPLACE-PWROPT-DCP" Name="screen_pic_Top_postplace_pwropt.dcp"/>
  <File Type="BITSTR-MSK" Name="screen_pic_Top.msk"/>
  <File Type="POSTPLACE-PWROPT-TIMING" Name="screen_pic_Top_timing_summary_postplace_pwropted.rpt"/>
  <File Type="PHYSOPT-DCP" Name="screen_pic_Top_physopt.dcp"/>
  <File Type="PHYSOPT-DRC" Name="screen_pic_Top_drc_physopted.rpt"/>
  <File Type="BITSTR-RBT" Name="screen_pic_Top.rbt"/>
  <File Type="PHYSOPT-TIMING" Name="screen_pic_Top_timing_summary_physopted.rpt"/>
  <File Type="ROUTE-ERROR-DCP" Name="screen_pic_Top_routed_error.dcp"/>
  <File Type="ROUTE-DCP" Name="screen_pic_Top_routed.dcp"/>
  <File Type="ROUTE-BLACKBOX-DCP" Name="screen_pic_Top_routed_bb.dcp"/>
  <File Type="ROUTE-DRC" Name="screen_pic_Top_drc_routed.rpt"/>
  <File Type="ROUTE-DRC-PB" Name="screen_pic_Top_drc_routed.pb"/>
  <File Type="ROUTE-DRC-RPX" Name="screen_pic_Top_drc_routed.rpx"/>
  <File Type="ROUTE-METHODOLOGY-DRC" Name="screen_pic_Top_methodology_drc_routed.rpt"/>
  <File Type="ROUTE-METHODOLOGY-DRC-RPX" Name="screen_pic_Top_methodology_drc_routed.rpx"/>
  <File Type="ROUTE-METHODOLOGY-DRC-PB" Name="screen_pic_Top_methodology_drc_routed.pb"/>
  <File Type="ROUTE-RQS-PB" Name="screen_pic_Top_rqs_routed.pb"/>
  <File Type="ROUTE-STATUS" Name="screen_pic_Top_route_status.rpt"/>
  <File Type="ROUTE-STATUS-PB" Name="screen_pic_Top_route_status.pb"/>
  <File Type="ROUTE-TIMINGSUMMARY" Name="screen_pic_Top_timing_summary_routed.rpt"/>
  <File Type="ROUTE-TIMING-PB" Name="screen_pic_Top_timing_summary_routed.pb"/>
  <File Type="ROUTE-TIMING-RPX" Name="screen_pic_Top_timing_summary_routed.rpx"/>
  <File Type="ROUTE-SIMILARITY" Name="screen_pic_Top_incremental_reuse_routed.rpt"/>
  <File Type="ROUTE-CLK" Name="screen_pic_Top_clock_utilization_routed.rpt"/>
  <File Type="ROUTE-BUS-SKEW" Name="screen_pic_Top_bus_skew_routed.rpt"/>
  <File Type="ROUTE-BUS-SKEW-PB" Name="screen_pic_Top_bus_skew_routed.pb"/>
  <File Type="ROUTE-BUS-SKEW-RPX" Name="screen_pic_Top_bus_skew_routed.rpx"/>
  <File Type="POSTROUTE-PHYSOPT-DCP" Name="screen_pic_Top_postroute_physopt.dcp"/>
  <File Type="POSTROUTE-PHYSOPT-BLACKBOX-DCP" Name="screen_pic_Top_postroute_physopt_bb.dcp"/>
  <File Type="POSTROUTE-PHYSOPT-TIMING" Name="pingpong_screen_text_timing_summary_postroute_physopted.rpt"/>
  <File Type="POSTROUTE-PHYSOPT-TIMING-PB" Name="pingpong_screen_text_timing_summary_postroute_physopted.pb"/>
  <File Type="POSTROUTE-PHYSOPT-TIMING-RPX" Name="pingpong_screen_text_timing_summary_postroute_physopted.rpx"/>
  <File Type="POSTROUTE-PHYSOPT-BUS-SKEW" Name="pingpong_screen_text_bus_skew_postroute_physopted.rpt"/>
  <File Type="BG-BIT" Name="screen_pic_Top.bit"/>
  <File Type="POSTROUTE-PHYSOPT-BUS-SKEW-PB" Name="pingpong_screen_text_bus_skew_postroute_physopted.pb"/>
  <File Type="POSTROUTE-PHYSOPT-BUS-SKEW-RPX" Name="pingpong_screen_text_bus_skew_postroute_physopted.rpx"/>
  <File Type="BITSTR-NKY" Name="screen_pic_Top.nky"/>
  <File Type="BITSTR-BMM" Name="screen_pic_Top_bd.bmm"/>
  <File Type="PDI-FILE" Name="screen_pic_Top.pdi"/>
  <File Type="BOOT-PDI-FILE" Name="screen_pic_Top_boot.pdi"/>
  <File Type="PL-PDI-FILE" Name="screen_pic_Top_pld.pdi"/>
  <File Type="RCFI_FILE" Name="screen_pic_Top.rcfi"/>
  <File Type="CFI_FILE" Name="screen_pic_Top.cfi"/>
  <File Type="RNPI_FILE" Name="screen_pic_Top.rnpi"/>
  <File Type="NPI_FILE" Name="screen_pic_Top.npi"/>
  <File Type="RBD_FILE" Name="screen_pic_Top.rbd"/>
  <File Type="BITSTR-LTX" Name="debug_nets.ltx"/>
  <File Type="BITSTR-LTX" Name="screen_pic_Top.ltx"/>
  <File Type="BITSTR-SYSDEF" Name="screen_pic_Top.sysdef"/>
  <File Type="BG-BGN" Name="screen_pic_Top.bgn"/>
  <File Type="BG-DRC" Name="screen_pic_Top.drc"/>
  <File Type="RDI-RDI" Name="screen_pic_Top.vdi"/>
  <File Type="WBT-USG" Name="usage_statistics_webtalk.html"/>
  <File Type="ROUTE-RQS" Name="screen_pic_Top_routed.rqs"/>
  <File Type="POSTROUTE-PHYSOPT-RQS" Name="screen_pic_Top_postroute_physopted.rqs"/>
  <File Type="ROUTE-RQS-RPT" Name="route_report_qor_suggestions_0.rpt"/>
  <File Type="POSTROUTE-PHYSOPT-RQS-RPT" Name="postroute_physopt_report_qor_suggestions_0.rpt"/>
  <FileSet Name="sources" Type="DesignSrcs" RelSrcDir="$PSRCDIR/sources_1" RelGenDir="$PGENDIR/sources_1">
    <Filter Type="Srcs"/>
    <File Path="$PSRCDIR/sources_1/new/VGA.sv">
      <FileInfo>
        <Attr Name="UsedIn" Val="synthesis"/>
        <Attr Name="UsedIn" Val="implementation"/>
        <Attr Name="UsedIn" Val="simulation"/>
      </FileInfo>
    </File>
    <File Path="$PSRCDIR/sources_1/new/screen_text_big.sv">
      <FileInfo>
        <Attr Name="UsedIn" Val="synthesis"/>
        <Attr Name="UsedIn" Val="implementation"/>
        <Attr Name="UsedIn" Val="simulation"/>
      </FileInfo>
    </File>
    <File Path="$PSRCDIR/sources_1/new/top.sv">
      <FileInfo>
        <Attr Name="UsedIn" Val="synthesis"/>
        <Attr Name="UsedIn" Val="implementation"/>
        <Attr Name="UsedIn" Val="simulation"/>
      </FileInfo>
    </File>
    <File Path="$PSRCDIR/sources_1/new/screen_text.sv">
      <FileInfo>
        <Attr Name="AutoDisabled" Val="1"/>
        <Attr Name="UsedIn" Val="synthesis"/>
        <Attr Name="UsedIn" Val="implementation"/>
        <Attr Name="UsedIn" Val="simulation"/>
      </FileInfo>
    </File>
    <File Path="d:/文档/大二/ping-pongText/ASCII.coe">
      <FileInfo>
        <Attr Name="UsedIn" Val="synthesis"/>
        <Attr Name="UsedIn" Val="simulation"/>
      </FileInfo>
    </File>
    <File Path="$PSRCDIR/sources_1/ip/Fudan320x320/FudanGray.coe">
      <FileInfo>
        <Attr Name="UsedIn" Val="synthesis"/>
        <Attr Name="UsedIn" Val="simulation"/>
      </FileInfo>
    </File>
    <File Path="$PSRCDIR/sources_1/ip/ASCII_ROM/ASCII.coe">
      <FileInfo>
        <Attr Name="UsedIn" Val="synthesis"/>
        <Attr Name="UsedIn" Val="simulation"/>
      </FileInfo>
    </File>
    <Config>
      <Option Name="DesignMode" Val="RTL"/>
      <Option Name="TopModule" Val="screen_pic_Top"/>
    </Config>
  </FileSet>
  <FileSet Name="constrs_in" Type="Constrs" RelSrcDir="$PSRCDIR/constrs_1" RelGenDir="$PGENDIR/constrs_1">
    <Filter Type="Constrs"/>
    <File Path="$PSRCDIR/constrs_1/new/Nexys4DDR_Master.xdc">
      <FileInfo>
        <Attr Name="UsedIn" Val="synthesis"/>
        <Attr Name="UsedIn" Val="implementation"/>
      </FileInfo>
    </File>
    <Config>
      <Option Name="ConstrsType" Val="XDC"/>
    </Config>
  </FileSet>
  <FileSet Name="utils" Type="Utils" RelSrcDir="$PSRCDIR/utils_1" RelGenDir="$PGENDIR/utils_1">
    <Filter Type="Utils"/>
    <File Path="$PSRCDIR/utils_1/imports/synth_1/screen_pic_Top.dcp">
      <FileInfo>
        <Attr Name="UsedIn" Val="synthesis"/>
        <Attr Name="UsedIn" Val="implementation"/>
        <Attr Name="UsedInSteps" Val="synth_1"/>
        <Attr Name="AutoDcp" Val="1"/>
      </FileInfo>
    </File>
    <Config>
      <Option Name="TopAutoSet" Val="TRUE"/>
    </Config>
  </FileSet>
  <Strategy Version="1" Minor="2">
    <StratHandle Name="Vivado Implementation Defaults" Flow="Vivado Implementation 2023"/>
    <Step Id="init_design"/>
    <Step Id="opt_design"/>
    <Step Id="power_opt_design"/>
    <Step Id="place_design"/>
    <Step Id="post_place_power_opt_design"/>
    <Step Id="phys_opt_design"/>
    <Step Id="route_design"/>
    <Step Id="post_route_phys_opt_design"/>
    <Step Id="write_bitstream"/>
  </Strategy>
  <BlockFileSet Type="BlockSrcs" Name="ASCII_ROM"/>
  <BlockFileSet Type="BlockSrcs" Name="Fudan320x320"/>
</GenRun>
