<?xml version="1.0" encoding="UTF-8"?>
<GenRun Id="impl_1" LaunchPart="xc7a100tcsg324-1" LaunchTime="1694408120">
  <File Type="ROUTE-PWR" Name="x7seg_Top_2_power_routed.rpt"/>
  <File Type="PA-TCL" Name="x7seg_Top_2.tcl"/>
  <File Type="ROUTE-PWR-SUM" Name="x7seg_Top_2_power_summary_routed.pb"/>
  <File Type="REPORTS-TCL" Name="x7seg_Top_2_reports.tcl"/>
  <File Type="OPT-RQA-PB" Name="x7seg_Top_2_rqa_opted.pb"/>
  <File Type="BITSTR-MMI" Name="x7seg_Top_2.mmi"/>
  <File Type="OPT-METHODOLOGY-DRC" Name="x7seg_Top_2_methodology_drc_opted.rpt"/>
  <File Type="INIT-TIMING" Name="x7seg_Top_2_timing_summary_init.rpt"/>
  <File Type="OPT-TIMING" Name="x7seg_Top_2_timing_summary_opted.rpt"/>
  <File Type="OPT-DCP" Name="x7seg_Top_2_opt.dcp"/>
  <File Type="OPT-DRC" Name="x7seg_Top_2_drc_opted.rpt"/>
  <File Type="OPT-HWDEF" Name="x7seg_Top_2.hwdef"/>
  <File Type="PWROPT-DCP" Name="x7seg_Top_2_pwropt.dcp"/>
  <File Type="PWROPT-DRC" Name="x7seg_Top_2_drc_pwropted.rpt"/>
  <File Type="PWROPT-TIMING" Name="x7seg_Top_2_timing_summary_pwropted.rpt"/>
  <File Type="PLACE-DCP" Name="x7seg_Top_2_placed.dcp"/>
  <File Type="PLACE-IO" Name="x7seg_Top_2_io_placed.rpt"/>
  <File Type="PLACE-CLK" Name="x7seg_Top_2_clock_utilization_placed.rpt"/>
  <File Type="PLACE-UTIL" Name="x7seg_Top_2_utilization_placed.rpt"/>
  <File Type="PLACE-UTIL-PB" Name="x7seg_Top_2_utilization_placed.pb"/>
  <File Type="PLACE-CTRL" Name="x7seg_Top_2_control_sets_placed.rpt"/>
  <File Type="PLACE-SIMILARITY" Name="x7seg_Top_2_incremental_reuse_placed.rpt"/>
  <File Type="PLACE-PRE-SIMILARITY" Name="x7seg_Top_2_incremental_reuse_pre_placed.rpt"/>
  <File Type="BG-BIN" Name="x7seg_Top_2.bin"/>
  <File Type="PLACE-TIMING" Name="x7seg_Top_2_timing_summary_placed.rpt"/>
  <File Type="ROUTE-PWR-RPX" Name="x7seg_Top_2_power_routed.rpx"/>
  <File Type="PLACE-RQA-PB" Name="x7seg_Top_2_rqa_placed.pb"/>
  <File Type="POSTPLACE-PWROPT-DCP" Name="x7seg_Top_2_postplace_pwropt.dcp"/>
  <File Type="BITSTR-MSK" Name="x7seg_Top_2.msk"/>
  <File Type="POSTPLACE-PWROPT-TIMING" Name="x7seg_Top_2_timing_summary_postplace_pwropted.rpt"/>
  <File Type="PHYSOPT-DCP" Name="x7seg_Top_2_physopt.dcp"/>
  <File Type="PHYSOPT-DRC" Name="x7seg_Top_2_drc_physopted.rpt"/>
  <File Type="BITSTR-RBT" Name="x7seg_Top_2.rbt"/>
  <File Type="PHYSOPT-TIMING" Name="x7seg_Top_2_timing_summary_physopted.rpt"/>
  <File Type="ROUTE-ERROR-DCP" Name="x7seg_Top_2_routed_error.dcp"/>
  <File Type="ROUTE-DCP" Name="x7seg_Top_2_routed.dcp"/>
  <File Type="ROUTE-BLACKBOX-DCP" Name="x7seg_Top_2_routed_bb.dcp"/>
  <File Type="ROUTE-DRC" Name="x7seg_Top_2_drc_routed.rpt"/>
  <File Type="ROUTE-DRC-PB" Name="x7seg_Top_2_drc_routed.pb"/>
  <File Type="ROUTE-DRC-RPX" Name="x7seg_Top_2_drc_routed.rpx"/>
  <File Type="ROUTE-METHODOLOGY-DRC" Name="x7seg_Top_2_methodology_drc_routed.rpt"/>
  <File Type="ROUTE-METHODOLOGY-DRC-RPX" Name="x7seg_Top_2_methodology_drc_routed.rpx"/>
  <File Type="ROUTE-METHODOLOGY-DRC-PB" Name="x7seg_Top_2_methodology_drc_routed.pb"/>
  <File Type="ROUTE-RQS-PB" Name="x7seg_Top_2_rqs_routed.pb"/>
  <File Type="ROUTE-STATUS" Name="x7seg_Top_2_route_status.rpt"/>
  <File Type="ROUTE-STATUS-PB" Name="x7seg_Top_2_route_status.pb"/>
  <File Type="ROUTE-TIMINGSUMMARY" Name="x7seg_Top_2_timing_summary_routed.rpt"/>
  <File Type="ROUTE-TIMING-PB" Name="x7seg_Top_2_timing_summary_routed.pb"/>
  <File Type="ROUTE-TIMING-RPX" Name="x7seg_Top_2_timing_summary_routed.rpx"/>
  <File Type="ROUTE-SIMILARITY" Name="x7seg_Top_2_incremental_reuse_routed.rpt"/>
  <File Type="ROUTE-CLK" Name="x7seg_Top_2_clock_utilization_routed.rpt"/>
  <File Type="ROUTE-BUS-SKEW" Name="x7seg_Top_2_bus_skew_routed.rpt"/>
  <File Type="ROUTE-BUS-SKEW-PB" Name="x7seg_Top_2_bus_skew_routed.pb"/>
  <File Type="ROUTE-BUS-SKEW-RPX" Name="x7seg_Top_2_bus_skew_routed.rpx"/>
  <File Type="POSTROUTE-PHYSOPT-DCP" Name="x7seg_Top_2_postroute_physopt.dcp"/>
  <File Type="POSTROUTE-PHYSOPT-BLACKBOX-DCP" Name="x7seg_Top_2_postroute_physopt_bb.dcp"/>
  <File Type="POSTROUTE-PHYSOPT-TIMING" Name="x7seg_Top_2_timing_summary_postroute_physopted.rpt"/>
  <File Type="POSTROUTE-PHYSOPT-TIMING-PB" Name="x7seg_Top_2_timing_summary_postroute_physopted.pb"/>
  <File Type="POSTROUTE-PHYSOPT-TIMING-RPX" Name="x7seg_Top_2_timing_summary_postroute_physopted.rpx"/>
  <File Type="POSTROUTE-PHYSOPT-BUS-SKEW" Name="x7seg_Top_2_bus_skew_postroute_physopted.rpt"/>
  <File Type="BG-BIT" Name="x7seg_Top_2.bit"/>
  <File Type="POSTROUTE-PHYSOPT-BUS-SKEW-PB" Name="x7seg_Top_2_bus_skew_postroute_physopted.pb"/>
  <File Type="POSTROUTE-PHYSOPT-BUS-SKEW-RPX" Name="x7seg_Top_2_bus_skew_postroute_physopted.rpx"/>
  <File Type="BITSTR-NKY" Name="x7seg_Top_2.nky"/>
  <File Type="BITSTR-BMM" Name="x7seg_Top_2_bd.bmm"/>
  <File Type="PDI-FILE" Name="x7seg_Top_2.pdi"/>
  <File Type="BOOT-PDI-FILE" Name="x7seg_Top_2_soc.pdi"/>
  <File Type="PL-PDI-FILE" Name="x7seg_Top_2_pld.pdi"/>
  <File Type="RCFI_FILE" Name="x7seg_Top_2.rcfi"/>
  <File Type="CFI_FILE" Name="x7seg_Top_2.cfi"/>
  <File Type="RNPI_FILE" Name="x7seg_Top_2.rnpi"/>
  <File Type="NPI_FILE" Name="x7seg_Top_2.npi"/>
  <File Type="RBD_FILE" Name="x7seg_Top_2.rbd"/>
  <File Type="BITSTR-LTX" Name="debug_nets.ltx"/>
  <File Type="BITSTR-LTX" Name="x7seg_Top_2.ltx"/>
  <File Type="BITSTR-SYSDEF" Name="x7seg_Top_2.sysdef"/>
  <File Type="BG-BGN" Name="x7seg_Top_2.bgn"/>
  <File Type="BG-DRC" Name="x7seg_Top_2.drc"/>
  <File Type="RDI-RDI" Name="x7seg_Top_2.vdi"/>
  <File Type="WBT-USG" Name="usage_statistics_webtalk.html"/>
  <File Type="ROUTE-RQS" Name="x7seg_Top_2_routed.rqs"/>
  <File Type="POSTROUTE-PHYSOPT-RQS" Name="x7seg_Top_2_postroute_physopted.rqs"/>
  <File Type="ROUTE-RQS-RPT" Name="route_report_qor_suggestions_0.rpt"/>
  <File Type="POSTROUTE-PHYSOPT-RQS-RPT" Name="postroute_physopt_report_qor_suggestions_0.rpt"/>
  <FileSet Name="sources" Type="DesignSrcs" RelSrcDir="$PSRCDIR/sources_1" RelGenDir="$PGENDIR/sources_1">
    <Filter Type="Srcs"/>
    <File Path="$PSRCDIR/sources_1/new/Hex7Seg.sv">
      <FileInfo>
        <Attr Name="UsedIn" Val="synthesis"/>
        <Attr Name="UsedIn" Val="implementation"/>
        <Attr Name="UsedIn" Val="simulation"/>
      </FileInfo>
    </File>
    <File Path="$PSRCDIR/sources_1/new/seg2.sv">
      <FileInfo>
        <Attr Name="UsedIn" Val="synthesis"/>
        <Attr Name="UsedIn" Val="implementation"/>
        <Attr Name="UsedIn" Val="simulation"/>
      </FileInfo>
    </File>
    <File Path="$PSRCDIR/sources_1/new/top2.sv">
      <FileInfo>
        <Attr Name="UsedIn" Val="synthesis"/>
        <Attr Name="UsedIn" Val="implementation"/>
        <Attr Name="UsedIn" Val="simulation"/>
      </FileInfo>
    </File>
    <File Path="D:/文档/大二/x7seg.sv">
      <FileInfo>
        <Attr Name="AutoDisabled" Val="1"/>
        <Attr Name="UsedIn" Val="synthesis"/>
        <Attr Name="UsedIn" Val="implementation"/>
        <Attr Name="UsedIn" Val="simulation"/>
      </FileInfo>
    </File>
    <File Path="$PSRCDIR/sources_1/new/x7seg_Top.sv">
      <FileInfo>
        <Attr Name="AutoDisabled" Val="1"/>
        <Attr Name="UsedIn" Val="synthesis"/>
        <Attr Name="UsedIn" Val="implementation"/>
        <Attr Name="UsedIn" Val="simulation"/>
      </FileInfo>
    </File>
    <File Path="$PSRCDIR/sources_1/new/Hex7Seg_Top.sv">
      <FileInfo>
        <Attr Name="AutoDisabled" Val="1"/>
        <Attr Name="UsedIn" Val="synthesis"/>
        <Attr Name="UsedIn" Val="implementation"/>
        <Attr Name="UsedIn" Val="simulation"/>
      </FileInfo>
    </File>
    <File Path="$PSRCDIR/sources_1/new/Dispaly1.sv">
      <FileInfo>
        <Attr Name="AutoDisabled" Val="1"/>
        <Attr Name="UsedIn" Val="synthesis"/>
        <Attr Name="UsedIn" Val="implementation"/>
        <Attr Name="UsedIn" Val="simulation"/>
      </FileInfo>
    </File>
    <File Path="$PSRCDIR/sources_1/new/mux7seg.sv">
      <FileInfo>
        <Attr Name="AutoDisabled" Val="1"/>
        <Attr Name="UsedIn" Val="synthesis"/>
        <Attr Name="UsedIn" Val="implementation"/>
        <Attr Name="UsedIn" Val="simulation"/>
      </FileInfo>
    </File>
    <Config>
      <Option Name="DesignMode" Val="RTL"/>
      <Option Name="TopModule" Val="x7seg_Top_2"/>
    </Config>
  </FileSet>
  <FileSet Name="constrs_in" Type="Constrs" RelSrcDir="$PSRCDIR/constrs_1" RelGenDir="$PGENDIR/constrs_1">
    <Filter Type="Constrs"/>
    <File Path="$PSRCDIR/constrs_1/imports/2023-09/Nexys4DDR_Master.xdc">
      <FileInfo>
        <Attr Name="ImportPath" Val="$PPRDIR/../project_1/project_1.srcs/constrs_1/imports/2023-09/Nexys4DDR_Master.xdc"/>
        <Attr Name="ImportTime" Val="1693802338"/>
        <Attr Name="UsedIn" Val="synthesis"/>
        <Attr Name="UsedIn" Val="implementation"/>
      </FileInfo>
    </File>
    <Config>
      <Option Name="ConstrsType" Val="XDC"/>
    </Config>
  </FileSet>
  <FileSet Name="utils" Type="Utils" RelSrcDir="$PSRCDIR/utils_1" RelGenDir="$PGENDIR/utils_1">
    <Filter Type="Utils"/>
    <File Path="$PSRCDIR/utils_1/imports/synth_1/Hex2seg.dcp">
      <FileInfo>
        <Attr Name="UsedIn" Val="synthesis"/>
        <Attr Name="UsedIn" Val="implementation"/>
        <Attr Name="UsedInSteps" Val="synth_1"/>
        <Attr Name="AutoDcp" Val="1"/>
      </FileInfo>
    </File>
    <Config>
      <Option Name="TopAutoSet" Val="TRUE"/>
    </Config>
  </FileSet>
  <Strategy Version="1" Minor="2">
    <StratHandle Name="Vivado Implementation Defaults" Flow="Vivado Implementation 2023"/>
    <Step Id="init_design"/>
    <Step Id="opt_design"/>
    <Step Id="power_opt_design"/>
    <Step Id="place_design"/>
    <Step Id="post_place_power_opt_design"/>
    <Step Id="phys_opt_design"/>
    <Step Id="route_design"/>
    <Step Id="post_route_phys_opt_design"/>
    <Step Id="write_bitstream"/>
  </Strategy>
</GenRun>
