<?xml version="1.0" encoding="UTF-8"?>
<GenRun Id="impl_1" LaunchPart="xc7a100tcsg324-1" LaunchTime="1696406051">
  <File Type="ROUTE-PWR" Name="top1_power_routed.rpt"/>
  <File Type="PA-TCL" Name="top1.tcl"/>
  <File Type="ROUTE-PWR-SUM" Name="top1_power_summary_routed.pb"/>
  <File Type="REPORTS-TCL" Name="top1_reports.tcl"/>
  <File Type="OPT-RQA-PB" Name="top1_rqa_opted.pb"/>
  <File Type="BITSTR-MMI" Name="top1.mmi"/>
  <File Type="OPT-METHODOLOGY-DRC" Name="top1_methodology_drc_opted.rpt"/>
  <File Type="INIT-TIMING" Name="top1_timing_summary_init.rpt"/>
  <File Type="OPT-TIMING" Name="top1_timing_summary_opted.rpt"/>
  <File Type="OPT-DCP" Name="top1_opt.dcp"/>
  <File Type="OPT-DRC" Name="top1_drc_opted.rpt"/>
  <File Type="OPT-HWDEF" Name="top1.hwdef"/>
  <File Type="PWROPT-DCP" Name="top1_pwropt.dcp"/>
  <File Type="PWROPT-DRC" Name="top1_drc_pwropted.rpt"/>
  <File Type="PWROPT-TIMING" Name="top1_timing_summary_pwropted.rpt"/>
  <File Type="PLACE-DCP" Name="top1_placed.dcp"/>
  <File Type="PLACE-IO" Name="top1_io_placed.rpt"/>
  <File Type="PLACE-CLK" Name="top1_clock_utilization_placed.rpt"/>
  <File Type="PLACE-UTIL" Name="top1_utilization_placed.rpt"/>
  <File Type="PLACE-UTIL-PB" Name="top1_utilization_placed.pb"/>
  <File Type="PLACE-CTRL" Name="top1_control_sets_placed.rpt"/>
  <File Type="PLACE-SIMILARITY" Name="top1_incremental_reuse_placed.rpt"/>
  <File Type="PLACE-PRE-SIMILARITY" Name="top1_incremental_reuse_pre_placed.rpt"/>
  <File Type="BG-BIN" Name="top1.bin"/>
  <File Type="PLACE-TIMING" Name="top1_timing_summary_placed.rpt"/>
  <File Type="ROUTE-PWR-RPX" Name="top1_power_routed.rpx"/>
  <File Type="PLACE-RQA-PB" Name="top1_rqa_placed.pb"/>
  <File Type="POSTPLACE-PWROPT-DCP" Name="top1_postplace_pwropt.dcp"/>
  <File Type="BITSTR-MSK" Name="top1.msk"/>
  <File Type="POSTPLACE-PWROPT-TIMING" Name="top1_timing_summary_postplace_pwropted.rpt"/>
  <File Type="PHYSOPT-DCP" Name="top1_physopt.dcp"/>
  <File Type="PHYSOPT-DRC" Name="top1_drc_physopted.rpt"/>
  <File Type="BITSTR-RBT" Name="top1.rbt"/>
  <File Type="PHYSOPT-TIMING" Name="top1_timing_summary_physopted.rpt"/>
  <File Type="ROUTE-ERROR-DCP" Name="top1_routed_error.dcp"/>
  <File Type="ROUTE-DCP" Name="top1_routed.dcp"/>
  <File Type="ROUTE-BLACKBOX-DCP" Name="top1_routed_bb.dcp"/>
  <File Type="ROUTE-DRC" Name="top1_drc_routed.rpt"/>
  <File Type="ROUTE-DRC-PB" Name="top1_drc_routed.pb"/>
  <File Type="ROUTE-DRC-RPX" Name="top1_drc_routed.rpx"/>
  <File Type="ROUTE-METHODOLOGY-DRC" Name="top1_methodology_drc_routed.rpt"/>
  <File Type="ROUTE-METHODOLOGY-DRC-RPX" Name="top1_methodology_drc_routed.rpx"/>
  <File Type="ROUTE-METHODOLOGY-DRC-PB" Name="top1_methodology_drc_routed.pb"/>
  <File Type="ROUTE-RQS-PB" Name="top1_rqs_routed.pb"/>
  <File Type="ROUTE-STATUS" Name="top1_route_status.rpt"/>
  <File Type="ROUTE-STATUS-PB" Name="top1_route_status.pb"/>
  <File Type="ROUTE-TIMINGSUMMARY" Name="top1_timing_summary_routed.rpt"/>
  <File Type="ROUTE-TIMING-PB" Name="top1_timing_summary_routed.pb"/>
  <File Type="ROUTE-TIMING-RPX" Name="top1_timing_summary_routed.rpx"/>
  <File Type="ROUTE-SIMILARITY" Name="top1_incremental_reuse_routed.rpt"/>
  <File Type="ROUTE-CLK" Name="top1_clock_utilization_routed.rpt"/>
  <File Type="ROUTE-BUS-SKEW" Name="top1_bus_skew_routed.rpt"/>
  <File Type="ROUTE-BUS-SKEW-PB" Name="top1_bus_skew_routed.pb"/>
  <File Type="ROUTE-BUS-SKEW-RPX" Name="top1_bus_skew_routed.rpx"/>
  <File Type="POSTROUTE-PHYSOPT-DCP" Name="top1_postroute_physopt.dcp"/>
  <File Type="POSTROUTE-PHYSOPT-BLACKBOX-DCP" Name="top1_postroute_physopt_bb.dcp"/>
  <File Type="POSTROUTE-PHYSOPT-TIMING" Name="top2_timing_summary_postroute_physopted.rpt"/>
  <File Type="POSTROUTE-PHYSOPT-TIMING-PB" Name="top2_timing_summary_postroute_physopted.pb"/>
  <File Type="POSTROUTE-PHYSOPT-TIMING-RPX" Name="top2_timing_summary_postroute_physopted.rpx"/>
  <File Type="POSTROUTE-PHYSOPT-BUS-SKEW" Name="top2_bus_skew_postroute_physopted.rpt"/>
  <File Type="BG-BIT" Name="top1.bit"/>
  <File Type="POSTROUTE-PHYSOPT-BUS-SKEW-PB" Name="top2_bus_skew_postroute_physopted.pb"/>
  <File Type="POSTROUTE-PHYSOPT-BUS-SKEW-RPX" Name="top2_bus_skew_postroute_physopted.rpx"/>
  <File Type="BITSTR-NKY" Name="top1.nky"/>
  <File Type="BITSTR-BMM" Name="top1_bd.bmm"/>
  <File Type="PDI-FILE" Name="top1.pdi"/>
  <File Type="BOOT-PDI-FILE" Name="top1_soc.pdi"/>
  <File Type="PL-PDI-FILE" Name="top1_pld.pdi"/>
  <File Type="RCFI_FILE" Name="top1.rcfi"/>
  <File Type="CFI_FILE" Name="top1.cfi"/>
  <File Type="RNPI_FILE" Name="top1.rnpi"/>
  <File Type="NPI_FILE" Name="top1.npi"/>
  <File Type="RBD_FILE" Name="top1.rbd"/>
  <File Type="BITSTR-LTX" Name="debug_nets.ltx"/>
  <File Type="BITSTR-LTX" Name="top1.ltx"/>
  <File Type="BITSTR-SYSDEF" Name="top1.sysdef"/>
  <File Type="BG-BGN" Name="top1.bgn"/>
  <File Type="BG-DRC" Name="top1.drc"/>
  <File Type="RDI-RDI" Name="top1.vdi"/>
  <File Type="WBT-USG" Name="usage_statistics_webtalk.html"/>
  <File Type="ROUTE-RQS" Name="top1_routed.rqs"/>
  <File Type="POSTROUTE-PHYSOPT-RQS" Name="top1_postroute_physopted.rqs"/>
  <File Type="ROUTE-RQS-RPT" Name="route_report_qor_suggestions_0.rpt"/>
  <File Type="POSTROUTE-PHYSOPT-RQS-RPT" Name="postroute_physopt_report_qor_suggestions_0.rpt"/>
  <FileSet Name="sources" Type="DesignSrcs" RelSrcDir="$PSRCDIR/sources_1" RelGenDir="$PGENDIR/sources_1">
    <Filter Type="Srcs"/>
    <File Path="$PSRCDIR/sources_1/new/Hex7Seg.sv">
      <FileInfo>
        <Attr Name="UsedIn" Val="synthesis"/>
        <Attr Name="UsedIn" Val="implementation"/>
        <Attr Name="UsedIn" Val="simulation"/>
      </FileInfo>
    </File>
    <File Path="$PSRCDIR/sources_1/new/x7seg.sv">
      <FileInfo>
        <Attr Name="UsedIn" Val="synthesis"/>
        <Attr Name="UsedIn" Val="implementation"/>
        <Attr Name="UsedIn" Val="simulation"/>
      </FileInfo>
    </File>
    <File Path="$PSRCDIR/sources_1/new/Leap_Top1.sv">
      <FileInfo>
        <Attr Name="UsedIn" Val="synthesis"/>
        <Attr Name="UsedIn" Val="implementation"/>
        <Attr Name="UsedIn" Val="simulation"/>
      </FileInfo>
    </File>
    <File Path="$PSRCDIR/sources_1/new/Leap_Top2.sv">
      <FileInfo>
        <Attr Name="AutoDisabled" Val="1"/>
        <Attr Name="UsedIn" Val="synthesis"/>
        <Attr Name="UsedIn" Val="implementation"/>
        <Attr Name="UsedIn" Val="simulation"/>
      </FileInfo>
    </File>
    <Config>
      <Option Name="DesignMode" Val="RTL"/>
      <Option Name="TopModule" Val="top1"/>
    </Config>
  </FileSet>
  <FileSet Name="constrs_in" Type="Constrs" RelSrcDir="$PSRCDIR/constrs_1" RelGenDir="$PGENDIR/constrs_1">
    <Filter Type="Constrs"/>
    <File Path="$PSRCDIR/constrs_1/new/Nexys4DDR_Master.xdc">
      <FileInfo>
        <Attr Name="UsedIn" Val="synthesis"/>
        <Attr Name="UsedIn" Val="implementation"/>
      </FileInfo>
    </File>
    <Config>
      <Option Name="ConstrsType" Val="XDC"/>
    </Config>
  </FileSet>
  <FileSet Name="utils" Type="Utils" RelSrcDir="$PSRCDIR/utils_1" RelGenDir="$PGENDIR/utils_1">
    <Filter Type="Utils"/>
    <Config>
      <Option Name="TopAutoSet" Val="TRUE"/>
    </Config>
  </FileSet>
  <Strategy Version="1" Minor="2">
    <StratHandle Name="Vivado Implementation Defaults" Flow="Vivado Implementation 2023"/>
    <Step Id="init_design"/>
    <Step Id="opt_design"/>
    <Step Id="power_opt_design"/>
    <Step Id="place_design"/>
    <Step Id="post_place_power_opt_design"/>
    <Step Id="phys_opt_design"/>
    <Step Id="route_design"/>
    <Step Id="post_route_phys_opt_design"/>
    <Step Id="write_bitstream"/>
  </Strategy>
</GenRun>
