<?xml version="1.0" encoding="UTF-8"?>
<GenRun Id="SuperMario_synth_1" LaunchPart="xc7a100tcsg324-1" LaunchTime="1702660883">
  <File Type="PA-TCL" Name="SuperMario.tcl"/>
  <File Type="RDS-PROPCONSTRS" Name="SuperMario_drc_synth.rpt"/>
  <File Type="REPORTS-TCL" Name="SuperMario_reports.tcl"/>
  <File Type="RDS-RDS" Name="SuperMario.vds"/>
  <File Type="RDS-UTIL" Name="SuperMario_utilization_synth.rpt"/>
  <File Type="RDS-UTIL-PB" Name="SuperMario_utilization_synth.pb"/>
  <File Type="RDS-DCP" Name="SuperMario.dcp"/>
  <File Type="VDS-TIMINGSUMMARY" Name="SuperMario_timing_summary_synth.rpt"/>
  <File Type="VDS-TIMING-PB" Name="SuperMario_timing_summary_synth.pb"/>
  <FileSet Name="sources" Type="BlockSrcs" RelSrcDir="$PSRCDIR/SuperMario" RelGenDir="$PGENDIR/SuperMario">
    <File Path="$PSRCDIR/sources_1/ip/SuperMario/SuperMario.xci">
      <FileInfo>
        <Attr Name="UsedIn" Val="synthesis"/>
        <Attr Name="UsedIn" Val="implementation"/>
        <Attr Name="UsedIn" Val="simulation"/>
      </FileInfo>
    </File>
    <Config>
      <Option Name="TopModule" Val="SuperMario"/>
      <Option Name="UseBlackboxStub" Val="1"/>
    </Config>
  </FileSet>
  <FileSet Name="constrs_in" Type="BlockSrcs" RelSrcDir="$PSRCDIR/SuperMario" RelGenDir="$PGENDIR/SuperMario">
    <File Path="$PSRCDIR/sources_1/ip/SuperMario/SuperMario.xci">
      <FileInfo>
        <Attr Name="UsedIn" Val="synthesis"/>
        <Attr Name="UsedIn" Val="implementation"/>
        <Attr Name="UsedIn" Val="simulation"/>
      </FileInfo>
    </File>
    <Config>
      <Option Name="TopModule" Val="SuperMario"/>
      <Option Name="UseBlackboxStub" Val="1"/>
    </Config>
  </FileSet>
  <FileSet Name="utils" Type="Utils" RelSrcDir="$PSRCDIR/utils_1" RelGenDir="$PGENDIR/utils_1">
    <Filter Type="Utils"/>
    <File Path="$PSRCDIR/utils_1/imports/synth_1/screen_pic_Top.dcp">
      <FileInfo>
        <Attr Name="UsedIn" Val="synthesis"/>
        <Attr Name="UsedIn" Val="implementation"/>
        <Attr Name="UsedInSteps" Val="synth_1"/>
        <Attr Name="AutoDcp" Val="1"/>
      </FileInfo>
    </File>
    <Config>
      <Option Name="TopAutoSet" Val="TRUE"/>
    </Config>
  </FileSet>
  <Strategy Version="1" Minor="2">
    <StratHandle Name="Vivado Synthesis Defaults" Flow="Vivado Synthesis 2023">
      <Desc>Vivado Synthesis Defaults</Desc>
    </StratHandle>
    <Step Id="synth_design"/>
  </Strategy>
</GenRun>
